{
  "epoch_f1": {
    "0": 0.7144415017915563,
    "1": 0.7483076923076923,
    "2": 0.7630057803468209,
    "3": 0.7615348764952616,
    "4": 0.7514592933947774,
    "5": 0.7580898523405593,
    "6": 0.7562451512800621,
    "7": 0.7611310732698016,
    "8": 0.765809809178363,
    "9": 0.7620253164556963
  },
  "best_f1": 0.765809809178363,
  "best_epoch": 8
}